<?xml version="1.0" encoding="UTF-8" ?>
<!DOCTYPE mapper PUBLIC "-//mybatis.org//DTD Mapper 3.0//EN" "http://mybatis.org/dtd/mybatis-3-mapper.dtd" >
<mapper namespace="com.gov.ludeng.system.mapper.DeviceMessageMapper">
    <resultMap id="BaseResultMap" type="com.gov.ludeng.system.entity.DeviceMessage">
        <id column="id" property="id" jdbcType="INTEGER"/>
        <result column="number" property="number" jdbcType="VARCHAR"/>
        <result column="device_number" property="deviceNumber" jdbcType="VARCHAR"/>
        <result column="device_code" property="deviceCode" jdbcType="VARCHAR"/>
        <result column="device_name" property="deviceName" jdbcType="VARCHAR"/>
        <result column="area" property="area" jdbcType="VARCHAR"/>
        <result column="type" property="type" jdbcType="INTEGER"/>
        <result column="create_time" property="createTime" jdbcType="TIMESTAMP"/>
        <result column="second_push_time" property="secondPushTime" jdbcType="TIMESTAMP"/>
        <result column="push_state" property="pushState" jdbcType="BIT"/>
        <result column="status" property="status" jdbcType="INTEGER"/>
        <result column="deal_time" property="dealTime" jdbcType="TIMESTAMP"/>
        <result column="deal_user_number" property="dealUserNumber" jdbcType="VARCHAR"/>
        <result column="remark" property="remark" jdbcType="VARCHAR"/>
        <result column="keyword" property="keyword" jdbcType="VARCHAR" />
    </resultMap>
    <resultMap id="VOMap" type="com.gov.ludeng.system.vo.DeviceMessageVO"
               extends="com.gov.ludeng.system.mapper.DeviceMessageMapper.BaseResultMap">
    </resultMap>

    <select id="getPageInfo" resultMap="VOMap" parameterType="com.gov.ludeng.system.vo.DeviceMessageVO">
        select dm.*,
        (select name from user where number = dm.deal_user_number) as dealName
        from device_message dm
        where 1=1
        <if test="number != null and number.trim() != ''">
            and dm.number = #{number,jdbcType=VARCHAR}
        </if>
        <if test="deviceNumber != null and deviceNumber.trim() != ''">
            and dm.device_number = #{deviceNumber,jdbcType=VARCHAR}
        </if>
        <if test="deviceCode != null and deviceCode.trim() != ''">
            and dm.device_code like concat('%',#{deviceCode,jdbcType=VARCHAR},'%')
        </if>
        <if test="deviceName != null and deviceName.trim() != ''">
            and dm.device_name like concat('%', #{deviceName,jdbcType=VARCHAR},'%')
        </if>
        <if test="area != null and area.trim() != ''">
            and dm.area = #{area,jdbcType=VARCHAR}
        </if>
        <if test="type != null">
            and dm.type = #{type,jdbcType=INTEGER}
        </if>
        <if test="pushState != null">
            and dm.push_state = #{pushState,jdbcType=BIT}
        </if>
        <if test="status != null">
            and dm.status = #{status,jdbcType=INTEGER}
        </if>
        <if test="dealUserNumber != null and dealUserNumber.trim() != ''">
            and dm.deal_user_number = #{dealUserNumber,jdbcType=VARCHAR}
        </if>
        <if test="remark != null and remark.trim() != ''">
            and dm.remark = #{remark,jdbcType=VARCHAR}
        </if>
        <if test="keyword != null and keyword.trim() != ''">
            and dm.keyword like concat('query_','%',#{keyword,jdbcType=VARCHAR},'%')
        </if>

        order by dm.status
    </select>

    <update id="updateStatusByDeviceNumber">
        update device_message set status = 2,deal_time = now(),remark='自动恢复' where device_number = #{deviceNumber} and type = #{type} and status in (0,1)
    </update>

    <select id="getNoDealMessage" resultMap="VOMap">
        select * from device_message where device_number = #{deviceNumber} and type = #{type} and status in (0,1)
    </select>

    <select id="getDeviceStatusChangeList">
        SELECT
            IF( type = 1, '异常跳匝', '通信断开' ) AS msgType,
            create_time AS occurTime,
            deal_time AS recoverTime
        FROM
            device_message
        WHERE
            device_number = #{deviceNumber}
            <if test="startTime != null">
                AND create_time > #{startTime}
            </if>
            <if test="endTime != null">
                AND create_time <![CDATA[ < ]]> #{endTime}
            </if>
        ORDER BY create_time
    </select>

    <select id="getSecondPushList" resultMap="VOMap">
        SELECT
            dm.*
        FROM
            device_message dm
        WHERE
            1 = 1
            AND dm.second_push_time BETWEEN DATE_SUB( now( ), INTERVAL 30 MINUTE ) AND now( )
            AND dm.STATUS IN ( 0, 1 )
            and dm.type = 1
            AND dm.push_state = 0
    </select>
</mapper>