<?xml version="1.0" encoding="UTF-8" ?>
<!DOCTYPE mapper PUBLIC "-//mybatis.org//DTD Mapper 3.0//EN" "http://mybatis.org/dtd/mybatis-3-mapper.dtd" >
<mapper namespace="com.gov.ludeng.system.mapper.DeviceMapper">
    <resultMap id="BaseResultMap" type="com.gov.ludeng.system.entity.Device">
        <id column="id" property="id" jdbcType="INTEGER"/>
        <result column="number" property="number" jdbcType="VARCHAR"/>
        <result column="code" property="code" jdbcType="VARCHAR"/>
        <result column="name" property="name" jdbcType="VARCHAR"/>
        <result column="status" property="status" jdbcType="INTEGER"/>
        <result column="last_heart_beat_time" property="lastHeartBeatTime" jdbcType="TIMESTAMP"/>
        <result column="reset_time" property="resetTime" jdbcType="INTEGER"/>
        <result column="area" property="area" jdbcType="VARCHAR"/>
        <result column="create_time" property="createTime" jdbcType="TIMESTAMP"/>
        <result column="update_time" property="updateTime" jdbcType="TIMESTAMP"/>
        <result column="keyword" property="keyword" jdbcType="VARCHAR" />
    </resultMap>

    <resultMap id="VOMap" type="com.gov.ludeng.system.vo.DeviceVO"
               extends="com.gov.ludeng.system.mapper.DeviceMapper.BaseResultMap">
    </resultMap>

    <select id="getPageInfo" resultMap="VOMap" parameterType="com.gov.ludeng.system.vo.DeviceVO">
        select *
        from device
        where 1=1
        <if test="number != null and number.trim() != ''">
            and number = #{number,jdbcType=VARCHAR}
        </if>
        <if test="code != null and code.trim() != ''">
            and code like concat('%',#{code,jdbcType=VARCHAR},'%')
        </if>
        <if test="name != null and name.trim() != ''">
            and name like concat('%', #{name,jdbcType=VARCHAR},'%')
        </if>
        <if test="status != null">
            and status = #{status,jdbcType=INTEGER}
        </if>
        <if test="resetTime != null">
            and reset_time = #{resetTime,jdbcType=INTEGER}
        </if>
        <if test="area != null and area.trim() != ''">
            and area = #{area,jdbcType=VARCHAR}
        </if>

        <if test="keyword != null and keyword.trim() != ''">
            and keyword like concat('query_','%',#{keyword,jdbcType=VARCHAR},'%')
        </if>
        order by status
    </select>

    <select id="getDisconnectDevice" resultMap="VOMap">
        SELECT * FROM device d where d.last_heart_beat_time <![CDATA[ < ]]> #{date} and d.status = 0
        and not exists(select 1 from device_message dm where dm.device_number = d.number and dm.type = 1 and dm.status in (0,1))
    </select>

    <update id="updateStatusByNumber">
        update device set status = #{status},update_time = now() where number = #{deviceNumber}
    </update>

    <select id="getByDeviceCode" resultMap="VOMap">
        select * from device where code = #{code}
    </select>

    <update id="updateAllResetTime">
        update device set reset_time = #{resetTime}
    </update>
</mapper>