<?xml version="1.0" encoding="UTF-8" ?>
<!DOCTYPE mapper PUBLIC "-//mybatis.org//DTD Mapper 3.0//EN" "http://mybatis.org/dtd/mybatis-3-mapper.dtd" >
<mapper namespace="com.gov.ludeng.system.mapper.UserMapper">
    <resultMap id="BaseResultMap" type="com.gov.ludeng.system.entity.User">
        <id column="id" property="id" jdbcType="INTEGER"/>
        <result column="number" property="number" jdbcType="VARCHAR"/>
        <result column="account" property="account" jdbcType="VARCHAR"/>
        <result column="password" property="password" jdbcType="VARCHAR"/>
        <result column="name" property="name" jdbcType="VARCHAR"/>
        <result column="role" property="role" jdbcType="INTEGER"/>
        <result column="area" property="area" jdbcType="VARCHAR"/>
        <result column="token" property="token" jdbcType="VARCHAR"/>
        <result column="create_time" property="createTime" jdbcType="TIMESTAMP"/>
        <result column="update_time" property="updateTime" jdbcType="TIMESTAMP"/>
    </resultMap>

    <resultMap id="VOMap" type="com.gov.ludeng.system.vo.UserVO"
               extends="com.gov.ludeng.system.mapper.UserMapper.BaseResultMap">
    </resultMap>

    <select id="getPageInfo" resultMap="VOMap" parameterType="com.gov.ludeng.system.vo.UserVO">
        select *
        from user
        where 1=1
        <if test="number != null and number.trim() != ''">
            and number = #{number,jdbcType=VARCHAR}
        </if>
        <if test="account != null and account.trim() != ''">
            and account like concat('%',#{account,jdbcType=VARCHAR},'%')
        </if>
        <if test="password != null and password.trim() != ''">
            and password = #{password,jdbcType=VARCHAR}
        </if>
        <if test="name != null and name.trim() != ''">
            and name like concat('%', #{name,jdbcType=VARCHAR},'%')
        </if>
        <if test="role != null">
            and role = #{role,jdbcType=INTEGER}
        </if>
        <if test="area != null and area.trim() != ''">
            and area = #{area,jdbcType=VARCHAR}
        </if>

        order by id desc
    </select>

    <select id="getUser" resultMap="VOMap">
        select * from user
        where number = #{number}
    </select>

    <select id="getUserList" resultType="java.lang.String">
        select number from user
        where 1=1
        and role in (1,2)
        <if test="area !=null and area.trim() !=''">
            and area = #{area}
        </if>
    </select>
</mapper>