<?xml version="1.0" encoding="UTF-8"?>
<configuration>

	<include resource="org/springframework/boot/logging/logback/defaults.xml" />
	<include resource="org/springframework/boot/logging/logback/console-appender.xml" />

	<!-- 文件输出格式 -->
	<property name="PATTERN" value="%d{yyyy-MM-dd HH:mm:ss.SSS} [%thread] %-5level %logger{36} - %msg%n"/>
	<!-- test文件路径 -->
	<property name="TEST_FILE_PATH" value="logs"/>
	<!-- prod文件路径 -->
	<property name="PROD_FILE_PATH" value="logs"/>

	<!-- 启动web nohup java -jar piap-system-web.jar >/dev/null 2>&1 & -->
	<!-- 开发环境 -->
	<springProfile name="dev">
		<appender name="CONSOLE" class="ch.qos.logback.core.ConsoleAppender">
			<encoder>
				<pattern>${PATTERN}</pattern>
			</encoder>
		</appender>

		<!-- mybatis操作日志 -->
		<logger name="com.gov.ludeng" level="DEBUG"/>

		<root level="DEBUG">
			<appender-ref ref="CONSOLE"/>
		</root>
	</springProfile>

	<!-- 测试环境 -->
	<springProfile name="test">
		<!-- mybatis操作日志 -->
		<logger name="com.gov.ludeng" level="DEBUG"/>

		<appender name="CONSOLE" class="ch.qos.logback.core.ConsoleAppender">
			<encoder>
				<pattern>${PATTERN}</pattern>
			</encoder>
		</appender>

		<!-- ch.qos.logback.core.rolling.RollingFileAppender 文件日志输出 -->
		<appender name="INFO"
				  class="ch.qos.logback.core.rolling.RollingFileAppender">
			<!--<Encoding>UTF-8</Encoding>-->
			<File>${TEST_FILE_PATH}/info.log</File>
			<rollingPolicy class="ch.qos.logback.core.rolling.TimeBasedRollingPolicy">
				<FileNamePattern>${TEST_FILE_PATH}/info.%d{yyyy-MM-dd}-%i.log</FileNamePattern>
				<MaxHistory>5</MaxHistory>
				<TimeBasedFileNamingAndTriggeringPolicy
						class="ch.qos.logback.core.rolling.SizeAndTimeBasedFNATP">
					<MaxFileSize>50MB</MaxFileSize>
				</TimeBasedFileNamingAndTriggeringPolicy>
			</rollingPolicy>
			<layout class="ch.qos.logback.classic.PatternLayout">
				<pattern>${PATTERN}</pattern>
			</layout>
		</appender>

		<!-- ch.qos.logback.core.rolling.RollingFileAppender 文件日志输出 -->
		<appender name="ERROR"
				  class="ch.qos.logback.core.rolling.RollingFileAppender">
			<!--<Encoding>UTF-8</Encoding>-->
			<filter class="ch.qos.logback.classic.filter.LevelFilter">
				<level>ERROR</level>
				<onMatch>ACCEPT</onMatch>
				<onMismatch>DENY</onMismatch>
			</filter>

			<File>${TEST_FILE_PATH}/error.log</File>
			<rollingPolicy class="ch.qos.logback.core.rolling.TimeBasedRollingPolicy">
				<FileNamePattern>${TEST_FILE_PATH}/error.%d{yyyy-MM-dd}-%i.log</FileNamePattern>
				<MaxHistory>5</MaxHistory>
				<TimeBasedFileNamingAndTriggeringPolicy
						class="ch.qos.logback.core.rolling.SizeAndTimeBasedFNATP">
					<MaxFileSize>50MB</MaxFileSize>
				</TimeBasedFileNamingAndTriggeringPolicy>
			</rollingPolicy>
			<layout class="ch.qos.logback.classic.PatternLayout">
				<pattern>${PATTERN}</pattern>
			</layout>
		</appender>


		<root level="INFO">
			<appender-ref ref="CONSOLE"/>
			<appender-ref ref="INFO"/>
			<appender-ref ref="ERROR"/>
		</root>
	</springProfile>

	<!-- 生产环境 -->
	<springProfile name="prod">
		<!-- mybatis操作日志 -->
		<logger name="com.gov.ludeng" level="DEBUG"/>

		<appender name="CONSOLE" class="ch.qos.logback.core.ConsoleAppender">
			<encoder>
				<pattern>${PATTERN}</pattern>
			</encoder>
		</appender>

		<!-- ch.qos.logback.core.rolling.RollingFileAppender 文件日志输出 -->
		<appender name="INFO"
				  class="ch.qos.logback.core.rolling.RollingFileAppender">
			<!--<Encoding>UTF-8</Encoding>-->
			<File>${TEST_FILE_PATH}/info.log</File>
			<rollingPolicy class="ch.qos.logback.core.rolling.TimeBasedRollingPolicy">
				<FileNamePattern>${TEST_FILE_PATH}/info.%d{yyyy-MM-dd}-%i.log</FileNamePattern>
				<MaxHistory>5</MaxHistory>
				<TimeBasedFileNamingAndTriggeringPolicy
						class="ch.qos.logback.core.rolling.SizeAndTimeBasedFNATP">
					<MaxFileSize>50MB</MaxFileSize>
				</TimeBasedFileNamingAndTriggeringPolicy>
			</rollingPolicy>
			<layout class="ch.qos.logback.classic.PatternLayout">
				<pattern>${PATTERN}</pattern>
			</layout>
		</appender>

		<!-- ch.qos.logback.core.rolling.RollingFileAppender 文件日志输出 -->
		<appender name="ERROR"
				  class="ch.qos.logback.core.rolling.RollingFileAppender">
			<!--<Encoding>UTF-8</Encoding>-->
			<filter class="ch.qos.logback.classic.filter.LevelFilter">
				<level>ERROR</level>
				<onMatch>ACCEPT</onMatch>
				<onMismatch>DENY</onMismatch>
			</filter>

			<File>${TEST_FILE_PATH}/error.log</File>
			<rollingPolicy class="ch.qos.logback.core.rolling.TimeBasedRollingPolicy">
				<FileNamePattern>${TEST_FILE_PATH}/error.%d{yyyy-MM-dd}-%i.log</FileNamePattern>
				<MaxHistory>5</MaxHistory>
				<TimeBasedFileNamingAndTriggeringPolicy
						class="ch.qos.logback.core.rolling.SizeAndTimeBasedFNATP">
					<MaxFileSize>50MB</MaxFileSize>
				</TimeBasedFileNamingAndTriggeringPolicy>
			</rollingPolicy>
			<layout class="ch.qos.logback.classic.PatternLayout">
				<pattern>${PATTERN}</pattern>
			</layout>
		</appender>


		<root level="INFO">
			<appender-ref ref="CONSOLE"/>
			<appender-ref ref="INFO"/>
			<appender-ref ref="ERROR"/>
		</root>

	</springProfile>
</configuration>
